-- datos para obraso
INSERT INTO `clinica`.`obraso` (`codoso`, `nomoso`, `des_rem`, `des_int`) VALUES ('1', 'OSDE', '50', '30');
INSERT INTO `clinica`.`obraso` (`codoso`, `nomoso`, `des_rem`, `des_int`) VALUES ('2', 'OSPLAD', '45', '40');
INSERT INTO `clinica`.`obraso` (`codoso`, `nomoso`, `des_rem`, `des_int`) VALUES ('3', 'HOSP ITALIANO', '40', '25');
INSERT INTO `clinica`.`obraso` (`codoso`, `nomoso`, `des_rem`, `des_int`) VALUES ('4', 'HOSP ALEMAN', '60', '15');
INSERT INTO `clinica`.`obraso` (`codoso`, `nomoso`, `des_rem`, `des_int`) VALUES ('5', 'HOSP BRITANICO', '45', '30');
INSERT INTO `clinica`.`obraso` (`codoso`, `nomoso`, `des_rem`, `des_int`) VALUES ('6', 'MEDICUS', '65', '40');
INSERT INTO `clinica`.`obraso` (`codoso`, `nomoso`, `des_rem`, `des_int`) VALUES ('7', 'PASTEUR', '50', '50');
INSERT INTO `clinica`.`obraso` (`codoso`, `nomoso`, `des_rem`, `des_int`) VALUES ('8', 'GALENO', '40', '35');
INSERT INTO `clinica`.`obraso` (`codoso`, `nomoso`, `des_rem`, `des_int`) VALUES ('9', 'IOMA', '35', '40');

-- datos para precios
INSERT INTO `clinica`.`precios` (`claseh`, `descri`, `precio`) VALUES ('A', 'Especial', 300.00);
INSERT INTO `clinica`.`precios` (`claseh`, `descri`, `precio`) VALUES ('B', 'Individual', 200.00);
INSERT INTO `clinica`.`precios` (`claseh`, `descri`, `precio`) VALUES ('C', 'Comun', 100.00);
INSERT INTO `clinica`.`precios` (`claseh`, `descri`, `precio`) VALUES ('T', 'Terapia Intermedia', 1000.00);

-- datos para pacientes
INSERT INTO `clinica`.`pacientes` (`codpac`, `codoso`, `apellido`, `nombre`, `localidad`, `telefono`, `gruporh`, `fecnac`, `sexo`, `internado`) VALUES ('100', '2', 'Petiti', 'Jorge', 'Beccar', '4225-6895', '0+', '1950-02-21', 'M', '1');
INSERT INTO `clinica`.`pacientes` (`codpac`, `codoso`, `apellido`, `nombre`, `localidad`, `telefono`, `gruporh`, `fecnac`, `sexo`, `internado`) VALUES ('101', '3', 'Gomez', 'Federico', 'Olivos', '4799-2536', 'A+', '1974-11-02', 'M', '0');
INSERT INTO `clinica`.`pacientes` (`codpac`, `codoso`, `apellido`, `nombre`, `localidad`, `telefono`, `gruporh`, `fecnac`, `sexo`, `internado`) VALUES ('102', '4', 'Pierangeli', 'Luis', 'Capital', '4925-1810', 'B+', '1942-03-19', 'M', '0');
INSERT INTO `clinica`.`pacientes` (`codpac`, `codoso`, `apellido`, `nombre`, `localidad`, `telefono`, `gruporh`, `fecnac`, `sexo`, `internado`) VALUES ('103', '5', 'Perez', 'Mario', 'Capital', '4222-5621', 'A+', '1948-10-01', 'M', '0');
INSERT INTO `clinica`.`pacientes` (`codpac`, `codoso`, `apellido`, `nombre`, `localidad`, `telefono`, `gruporh`, `fecnac`, `sexo`, `internado`) VALUES ('104', '1', 'Elizondo', 'Lucas', 'Martinez', '4789-0256', 'A+', '1961-12-12', 'M', '0');
INSERT INTO `clinica`.`pacientes` (`codpac`, `codoso`, `apellido`, `nombre`, `localidad`, `telefono`, `gruporh`, `fecnac`, `sexo`, `internado`) VALUES ('105', '3', 'Gonzalez', 'Andres', 'Gerli', '4221-5656', '0+', '1970-12-12', 'M', '0');
INSERT INTO `clinica`.`pacientes` (`codpac`, `codoso`, `apellido`, `nombre`, `localidad`, `telefono`, `gruporh`, `fecnac`, `sexo`, `internado`) VALUES ('106', '4', 'Verani', 'Lucia', 'San Isidro', '4798-1456', 'B+', '1932-12-12', 'F', '0');
INSERT INTO `clinica`.`pacientes` (`codpac`, `codoso`, `apellido`, `nombre`, `localidad`, `telefono`, `gruporh`, `fecnac`, `sexo`, `internado`) VALUES ('107', '2', 'Colacchini', 'Pedro', 'Capital', '436-24545', 'B+', '1949-12-12', 'M', '0');
INSERT INTO `clinica`.`pacientes` (`codpac`, `codoso`, `apellido`, `nombre`, `localidad`, `telefono`, `gruporh`, `fecnac`, `sexo`, `internado`) VALUES ('108', '2', 'Garcia', 'Analia', 'San Martin', '475-58989', 'B-', '1968-12-12', 'F', '0');
INSERT INTO `clinica`.`pacientes` (`codpac`, `codoso`, `apellido`, `nombre`, `localidad`, `telefono`, `gruporh`, `fecnac`, `sexo`, `internado`) VALUES ('109', '5', 'Aimar', 'Camila', 'Beccar', '4225-6452', 'A+', '1981-12-12', 'F', '0');
INSERT INTO `clinica`.`pacientes` (`codpac`, `codoso`, `apellido`, `nombre`, `localidad`, `telefono`, `gruporh`, `fecnac`, `sexo`, `internado`) VALUES ('110', '2', 'Merediz', 'Luisa', 'Capital', '4625-4545', '0+', '1955-12-12', 'F', '0');
INSERT INTO `clinica`.`pacientes` (`codpac`, `codoso`, `apellido`, `nombre`, `localidad`, `telefono`, `gruporh`, `fecnac`, `sexo`, `internado`) VALUES ('111', '4', 'Villanueva', 'Fernando', 'Munro', '4756-8952', 'B-', '1939-12-12', 'M', '0');
INSERT INTO `clinica`.`pacientes` (`codpac`, `codoso`, `apellido`, `nombre`, `localidad`, `telefono`, `gruporh`, `fecnac`, `sexo`, `internado`) VALUES ('112', '1', 'Marango', 'Maria', 'Hurlingham', '4766-0323', 'A-', '1959-12-12', 'F', '0');
INSERT INTO `clinica`.`pacientes` (`codpac`, `codoso`, `apellido`, `nombre`, `localidad`, `telefono`, `gruporh`, `fecnac`, `sexo`, `internado`) VALUES ('113', '2', 'Marti', 'Cecilia', 'Capital', '4562-2125', '0+', '1964-12-12', 'F', '0');
INSERT INTO `clinica`.`pacientes` (`codpac`, `codoso`, `apellido`, `nombre`, `localidad`, `telefono`, `gruporh`, `fecnac`, `sexo`, `internado`) VALUES ('114', '4', 'Lupino', 'Celia', 'Florida', '4758-8941', 'B+', '1975-12-12', 'F', '0');
INSERT INTO `clinica`.`pacientes` (`codpac`, `codoso`, `apellido`, `nombre`, `localidad`, `telefono`, `gruporh`, `fecnac`, `sexo`, `internado`) VALUES ('115', '3', 'Visio', 'Teresa', 'Florida', '4780-2981', 'A+', '1940-12-12', 'F', '0');
INSERT INTO `clinica`.`pacientes` (`codpac`, `codoso`, `apellido`, `nombre`, `localidad`, `telefono`, `gruporh`, `fecnac`, `sexo`, `internado`) VALUES ('116', '4', 'Rodriguez', 'Nélida', 'Tigre', '4958-9658', 'B+', '1927-12-12', 'F', '0');
INSERT INTO `clinica`.`pacientes` (`codpac`, `codoso`, `apellido`, `nombre`, `localidad`, `telefono`, `gruporh`, `fecnac`, `sexo`, `internado`) VALUES ('117', '1', 'Marango', 'Angélica', 'Martinez', '4799-6363', '0-', '1962-12-12', 'F', '0');
INSERT INTO `clinica`.`pacientes` (`codpac`, `codoso`, `apellido`, `nombre`, `localidad`, `telefono`, `gruporh`, `fecnac`, `sexo`, `internado`) VALUES ('118', '2', 'Vilouta', 'Marina', 'Beccar', '4799-6363', 'A+', '1955-03-03', 'F', '0');
INSERT INTO `clinica`.`pacientes` (`codpac`, `codoso`, `apellido`, `nombre`, `localidad`, `telefono`, `gruporh`, `fecnac`, `sexo`, `internado`) VALUES ('119', '5', 'Romano', 'Eduardo', 'Capital', '4932-7745', 'B-', '1967-12-01', 'M', '0');
INSERT INTO `clinica`.`pacientes` (`codpac`, `codoso`, `apellido`, `nombre`, `localidad`, `telefono`, `gruporh`, `fecnac`, `sexo`, `internado`) VALUES ('120', '8', 'Savino', 'Matias', 'Capital Federal', '4925-1542', 'A+', '1954-02-11', 'M', '0');
INSERT INTO `clinica`.`pacientes` (`codpac`, `codoso`, `apellido`, `nombre`, `localidad`, `telefono`, `gruporh`, `fecnac`, `sexo`, `internado`) VALUES ('121', '1', 'Villalba', 'Pedro', 'San Isidro', '4799-6363', 'B-', '1955-06-18', 'M', '0');
INSERT INTO `clinica`.`pacientes` (`codpac`, `codoso`, `apellido`, `nombre`, `localidad`, `telefono`, `gruporh`, `fecnac`, `sexo`, `internado`) VALUES ('122', '3', 'Ponce', 'Mariana', 'San Martin', '4755-8952', '0+', '1951-05-07', 'F', '0');
INSERT INTO `clinica`.`pacientes` (`codpac`, `codoso`, `apellido`, `nombre`, `localidad`, `telefono`, `gruporh`, `fecnac`, `sexo`, `internado`) VALUES ('123', '4', 'Tamaro', 'Ana', 'Florida', '4665-8924', 'A+', '1977-05-12', 'F', '0');
INSERT INTO `clinica`.`pacientes` (`codpac`, `codoso`, `apellido`, `nombre`, `localidad`, `telefono`, `gruporh`, `fecnac`, `sexo`, `internado`) VALUES ('124', '8', 'Pecorelli', 'Luis', 'Palomar', '4799-6363', 'A+', '1961-07-15', 'M', '0');
INSERT INTO `clinica`.`pacientes` (`codpac`, `codoso`, `apellido`, `nombre`, `localidad`, `telefono`, `gruporh`, `fecnac`, `sexo`, `internado`) VALUES ('125', '2', 'Taso', 'Francisco', 'Boulogne', '4765-9635', 'B+', '1979-03-26', 'M', '0');
INSERT INTO `clinica`.`pacientes` (`codpac`, `codoso`, `apellido`, `nombre`, `localidad`, `telefono`, `gruporh`, `fecnac`, `sexo`, `internado`) VALUES ('126', '2', 'Zottini', 'Mario', 'Capital Federal', '4362-5681', 'B+', '1977-04-06', 'M', '0');
INSERT INTO `clinica`.`pacientes` (`codpac`, `codoso`, `apellido`, `nombre`, `localidad`, `telefono`, `gruporh`, `fecnac`, `sexo`, `internado`) VALUES ('127', '8', 'Zuleata', 'Mariano', 'Avellaneda', '4799-6363', '0+', '1949-08-26', 'M', '0');
INSERT INTO `clinica`.`pacientes` (`codpac`, `codoso`, `apellido`, `nombre`, `localidad`, `telefono`, `gruporh`, `fecnac`, `sexo`, `internado`) VALUES ('128', '8', 'Pino', 'Luz', 'Boulogne', '4799-6363', 'A+', '1955-06-18', 'F', '0');
INSERT INTO `clinica`.`pacientes` (`codpac`, `codoso`, `apellido`, `nombre`, `localidad`, `telefono`, `gruporh`, `fecnac`, `sexo`, `internado`) VALUES ('129', '7', 'Votera', 'Irene', 'Olivos', '4799-5005', '0+', '1950-12-16', 'F', '0');
INSERT INTO `clinica`.`pacientes` (`codpac`, `codoso`, `apellido`, `nombre`, `localidad`, `telefono`, `gruporh`, `fecnac`, `sexo`, `internado`) VALUES ('130', '5', 'Miguez', 'Marta', 'Boulogne', '4799-6363', '0+', '1935-08-13', 'F', '0');
INSERT INTO `clinica`.`pacientes` (`codpac`, `codoso`, `apellido`, `nombre`, `localidad`, `telefono`, `gruporh`, `fecnac`, `sexo`, `internado`) VALUES ('131', '5', 'Pecos', 'Eduardo', 'Vicente Lopez', '4796-8921', 'A-', '1950-03-11', 'M', '0');
INSERT INTO `clinica`.`pacientes` (`codpac`, `codoso`, `apellido`, `nombre`, `localidad`, `telefono`, `gruporh`, `fecnac`, `sexo`, `internado`) VALUES ('132', '7', 'Martinez', 'Enrique', 'Munro', '4799-6363', 'A+', '1987-08-09', 'M', '0');
INSERT INTO `clinica`.`pacientes` (`codpac`, `codoso`, `apellido`, `nombre`, `localidad`, `telefono`, `gruporh`, `fecnac`, `sexo`, `internado`) VALUES ('133', '1', 'Juarez', 'Ines', 'Florida', '4222-7902', '0+', '1936-12-14', 'F', '0');
INSERT INTO `clinica`.`pacientes` (`codpac`, `codoso`, `apellido`, `nombre`, `localidad`, `telefono`, `gruporh`, `fecnac`, `sexo`, `internado`) VALUES ('134', '6', 'Rodriguez', 'Graciela', 'San Isidro', '4799-6363', 'A+', '1956-01-15', 'F', '0');
INSERT INTO `clinica`.`pacientes` (`codpac`, `codoso`, `apellido`, `nombre`, `localidad`, `telefono`, `gruporh`, `fecnac`, `sexo`, `internado`) VALUES ('135', '5', 'Lopez', 'Celia', 'Capital', '4232-5695', '0+', '1929-10-31', 'F', '0');
INSERT INTO `clinica`.`pacientes` (`codpac`, `codoso`, `apellido`, `nombre`, `localidad`, `telefono`, `gruporh`, `fecnac`, `sexo`, `internado`) VALUES ('136', '9', 'Romano', 'Mirta', 'San Martin', '4755-1211', 'A+', '1989-01-21', 'F', '0');
INSERT INTO `clinica`.`pacientes` (`codpac`, `codoso`, `apellido`, `nombre`, `localidad`, `telefono`, `gruporh`, `fecnac`, `sexo`, `internado`) VALUES ('137', '8', 'Sanchez', 'Susana', 'Castelar', '4799-6363', 'B+', '1978-04-18', 'F', '0');
INSERT INTO `clinica`.`pacientes` (`codpac`, `codoso`, `apellido`, `nombre`, `localidad`, `telefono`, `gruporh`, `fecnac`, `sexo`, `internado`) VALUES ('138', '3', 'Tacus', 'Lucas', 'Martinez', '4766-6534', 'A+', '1962-06-29', 'M', '0');
INSERT INTO `clinica`.`pacientes` (`codpac`, `codoso`, `apellido`, `nombre`, `localidad`, `telefono`, `gruporh`, `fecnac`, `sexo`, `internado`) VALUES ('139', '9', 'Isidro', 'Matias', 'Castelar', '4799-6363', 'B-', '1937-04-26', 'M', '0');
INSERT INTO `clinica`.`pacientes` (`codpac`, `codoso`, `apellido`, `nombre`, `localidad`, `telefono`, `gruporh`, `fecnac`, `sexo`, `internado`) VALUES ('140', '2', 'Miorello', 'Celeste', 'Capital Federal', '4333-5812', '0+', '1985-11-01', 'F', '0');
INSERT INTO `clinica`.`pacientes` (`codpac`, `codoso`, `apellido`, `nombre`, `localidad`, `telefono`, `gruporh`, `fecnac`, `sexo`, `internado`) VALUES ('141', '7', 'Villanueva', 'Javier', 'Olivos', '4799-0205', 'B+', '1953-08-08', 'M', '0');
INSERT INTO `clinica`.`pacientes` (`codpac`, `codoso`, `apellido`, `nombre`, `localidad`, `telefono`, `gruporh`, `fecnac`, `sexo`, `internado`) VALUES ('142', '1', 'Garcia', 'Tomas', 'San Isidro', '4766-0500', 'B+', '1959-05-20', 'M', '0');
INSERT INTO `clinica`.`pacientes` (`codpac`, `codoso`, `apellido`, `nombre`, `localidad`, `telefono`, `gruporh`, `fecnac`, `sexo`, `internado`) VALUES ('143', '5', 'Perez', 'Malena', 'Florida', '4222-8952', 'A+', '1988-12-04', 'F', '0');
INSERT INTO `clinica`.`pacientes` (`codpac`, `codoso`, `apellido`, `nombre`, `localidad`, `telefono`, `gruporh`, `fecnac`, `sexo`, `internado`) VALUES ('144', '9', 'Hamilton', 'Lucia', 'Florida', '4752-9698', 'A+', '1977-01-26', 'F', '0');
INSERT INTO `clinica`.`pacientes` (`codpac`, `codoso`, `apellido`, `nombre`, `localidad`, `telefono`, `gruporh`, `fecnac`, `sexo`, `internado`) VALUES ('145', '8', 'Lalor', 'Paula', 'Castelar', '4698-8569', '0-', '1973-03-02', 'F', '0');
INSERT INTO `clinica`.`pacientes` (`codpac`, `codoso`, `apellido`, `nombre`, `localidad`, `telefono`, `gruporh`, `fecnac`, `sexo`, `internado`) VALUES ('146', '9', 'Jansen', 'Javier', 'Castelar', '4799-6363', 'B+', '1979-06-24', 'M', '0');
INSERT INTO `clinica`.`pacientes` (`codpac`, `codoso`, `apellido`, `nombre`, `localidad`, `telefono`, `gruporh`, `fecnac`, `sexo`, `internado`) VALUES ('147', '4', 'Coronel', 'Veronica', 'Olivos', '4799-3333', 'B+', '1944-11-14', 'F', '0');
INSERT INTO `clinica`.`pacientes` (`codpac`, `codoso`, `apellido`, `nombre`, `localidad`, `telefono`, `gruporh`, `fecnac`, `sexo`, `internado`) VALUES ('148', '6', 'Riquelme', 'Marcelo', 'Carapachay', '4799-6363', 'A-', '1965-04-29', 'M', '0');
INSERT INTO `clinica`.`pacientes` (`codpac`, `codoso`, `apellido`, `nombre`, `localidad`, `telefono`, `gruporh`, `fecnac`, `sexo`, `internado`) VALUES ('149', '7', 'Moreno', 'Marta', 'Boulogne', '4799-6363', 'A+', '1977-06-13', 'F', '0');
INSERT INTO `clinica`.`pacientes` (`codpac`, `codoso`, `apellido`, `nombre`, `localidad`, `telefono`, `gruporh`, `fecnac`, `sexo`, `internado`) VALUES ('150', '5', 'Aguirre', 'Domingo', 'Moreno', '4666-8752', 'A+', '1994-10-04', 'M', '0');
INSERT INTO `clinica`.`pacientes` (`codpac`, `codoso`, `apellido`, `nombre`, `localidad`, `telefono`, `gruporh`, `fecnac`, `sexo`, `internado`) VALUES ('151', '2', 'Minardo', 'Cesar', 'Florida', '4799-6565', '0+', '1974-08-13', 'M', '0');
INSERT INTO `clinica`.`pacientes` (`codpac`, `codoso`, `apellido`, `nombre`, `localidad`, `telefono`, `gruporh`, `fecnac`, `sexo`, `internado`) VALUES ('152', '6', 'Lagos', 'Mercedes', 'Banfield', '4799-6363', 'B+', '1971-03-03', 'F', '0');
INSERT INTO `clinica`.`pacientes` (`codpac`, `codoso`, `apellido`, `nombre`, `localidad`, `telefono`, `gruporh`, `fecnac`, `sexo`, `internado`) VALUES ('153', '9', 'Estrada', 'Isabel', 'Capital Federal', '4366-0202', 'B+', '1931-01-26', 'F', '0');
INSERT INTO `clinica`.`pacientes` (`codpac`, `codoso`, `apellido`, `nombre`, `localidad`, `telefono`, `gruporh`, `fecnac`, `sexo`, `internado`) VALUES ('154', '8', 'Licardo', 'Elena', 'Capital Federal', '4555-9821', 'B-', '1941-01-16', 'F', '0');
INSERT INTO `clinica`.`pacientes` (`codpac`, `codoso`, `apellido`, `nombre`, `localidad`, `telefono`, `gruporh`, `fecnac`, `sexo`, `internado`) VALUES ('155', '9', 'Ferrari', 'Lucas', 'Capital', '4225-6581', '0+', '1963-02-12', 'M', '0');
INSERT INTO `clinica`.`pacientes` (`codpac`, `codoso`, `apellido`, `nombre`, `localidad`, `telefono`, `gruporh`, `fecnac`, `sexo`, `internado`) VALUES ('156', '4', 'Fernandez', 'Matias', 'Hurlingham', '4766-0254', 'A+', '1958-07-31', 'M', '0');
INSERT INTO `clinica`.`pacientes` (`codpac`, `codoso`, `apellido`, `nombre`, `localidad`, `telefono`, `gruporh`, `fecnac`, `sexo`, `internado`) VALUES ('157', '7', 'Varone', 'Alberto', 'Moron', '4666-9252', 'B+', '1958-07-16', 'M', '0');
INSERT INTO `clinica`.`pacientes` (`codpac`, `codoso`, `apellido`, `nombre`, `localidad`, `telefono`, `gruporh`, `fecnac`, `sexo`, `internado`) VALUES ('158', '6', 'Blanchard', 'Pablo', 'San Martin', '4755-2315', 'A+', '1975-03-31', 'M', '0');
INSERT INTO `clinica`.`pacientes` (`codpac`, `codoso`, `apellido`, `nombre`, `localidad`, `telefono`, `gruporh`, `fecnac`, `sexo`, `internado`) VALUES ('159', '9', 'Rodriguez', 'Carlos', 'Boulogne', '4799-6363', '0+', '1971-05-04', 'M', '0');
INSERT INTO `clinica`.`pacientes` (`codpac`, `codoso`, `apellido`, `nombre`, `localidad`, `telefono`, `gruporh`, `fecnac`, `sexo`, `internado`) VALUES ('160', '3', 'Luna', 'Francisco', 'Capital Federal', '4566-9127', 'B-', '1950-03-03', 'M', '0');
INSERT INTO `clinica`.`pacientes` (`codpac`, `codoso`, `apellido`, `nombre`, `localidad`, `telefono`, `gruporh`, `fecnac`, `sexo`, `internado`) VALUES ('161', '9', 'Aller', 'Estela', 'Acasusso', '4799-6363', 'B+', '1987-08-22', 'F', '0');
INSERT INTO `clinica`.`pacientes` (`codpac`, `codoso`, `apellido`, `nombre`, `localidad`, `telefono`, `gruporh`, `fecnac`, `sexo`, `internado`) VALUES ('162', '9', 'Suarez', 'Ricardo', 'Beccar', '4222-6248', '0-', '1944-12-24', 'M', '0');
INSERT INTO `clinica`.`pacientes` (`codpac`, `codoso`, `apellido`, `nombre`, `localidad`, `telefono`, `gruporh`, `fecnac`, `sexo`, `internado`) VALUES ('163', '2', 'Greco', 'Enzo', 'Capital Federal', '4361-5044', 'A-', '1941-04-14', 'M', '0');
INSERT INTO `clinica`.`pacientes` (`codpac`, `codoso`, `apellido`, `nombre`, `localidad`, `telefono`, `gruporh`, `fecnac`, `sexo`, `internado`) VALUES ('164', '6', 'Laiño', 'Patricia', 'Acasusso', '4799-6363', '0+', '1932-02-16', 'F', '0');
INSERT INTO `clinica`.`pacientes` (`codpac`, `codoso`, `apellido`, `nombre`, `localidad`, `telefono`, `gruporh`, `fecnac`, `sexo`, `internado`) VALUES ('165', '4', 'Janssen', 'Lorena', 'Capital', '4932-5540', 'B+', '1935-07-18', 'F', '0');
INSERT INTO `clinica`.`pacientes` (`codpac`, `codoso`, `apellido`, `nombre`, `localidad`, `telefono`, `gruporh`, `fecnac`, `sexo`, `internado`) VALUES ('166', '8', 'Zezza', 'Maria', 'Palomar', '4765-9999', 'A+', '1944-11-03', 'F', '0');
INSERT INTO `clinica`.`pacientes` (`codpac`, `codoso`, `apellido`, `nombre`, `localidad`, `telefono`, `gruporh`, `fecnac`, `sexo`, `internado`) VALUES ('167', '8', 'Mastroiani', 'Federico', 'Capital', '4255-6264', 'B+', '1963-02-27', 'M', '0');
INSERT INTO `clinica`.`pacientes` (`codpac`, `codoso`, `apellido`, `nombre`, `localidad`, `telefono`, `gruporh`, `fecnac`, `sexo`, `internado`) VALUES ('168', '3', 'Perez', 'Fernando', 'Martinez', '4799-2560', 'A+', '1946-11-22', 'M', '0');



-- datos para internacion
INSERT INTO `clinica`.`internacion` (`numint`, `codpac`, `fecint`, `habitacion`, `claseh`, `est_alta`, `fecalt`, `remedios`) VALUES (1, 102, '2017-02-17', 12, 'A', '2017-02-24', '2017-03-03', 224);
INSERT INTO `clinica`.`internacion` (`numint`, `codpac`, `fecint`, `habitacion`, `claseh`, `est_alta`, `fecalt`, `remedios`) VALUES (2, 103, '2017-02-18', 19, 'A', '2017-02-25', '2017-03-04', 624);
INSERT INTO `clinica`.`internacion` (`numint`, `codpac`, `fecint`, `habitacion`, `claseh`, `est_alta`, `fecalt`, `remedios`) VALUES (3, 111, '2017-02-19', 23, 'B', '2017-02-25', '2017-03-04', 347);
INSERT INTO `clinica`.`internacion` (`numint`, `codpac`, `fecint`, `habitacion`, `claseh`, `est_alta`, `fecalt`, `remedios`) VALUES (4, 109, '2017-02-20', 13, 'A', '2017-02-25', '2017-02-22', 55);
INSERT INTO `clinica`.`internacion` (`numint`, `codpac`, `fecint`, `habitacion`, `claseh`, `est_alta`, `fecalt`, `remedios`) VALUES (5, 107, '2017-02-21', 34, 'T', '2017-02-25', '2017-03-04', 125);
INSERT INTO `clinica`.`internacion` (`numint`, `codpac`, `fecint`, `habitacion`, `claseh`, `est_alta`, `fecalt`, `remedios`) VALUES (6, 112, '2017-02-22', 33, 'T', '2017-02-25', '2017-03-04', 113);
INSERT INTO `clinica`.`internacion` (`numint`, `codpac`, `fecint`, `habitacion`, `claseh`, `est_alta`, `fecalt`, `remedios`) VALUES (7, 101, '2017-02-25', 14, 'A', '2017-03-04', '2017-03-11', 66);
INSERT INTO `clinica`.`internacion` (`numint`, `codpac`, `fecint`, `habitacion`, `claseh`, `est_alta`, `fecalt`, `remedios`) VALUES (8, 104, '2017-02-25', 15, 'A', '2017-03-04', '2017-03-01', 87);
INSERT INTO `clinica`.`internacion` (`numint`, `codpac`, `fecint`, `habitacion`, `claseh`, `est_alta`, `fecalt`, `remedios`) VALUES (9, 115, '2017-02-25', 21, 'B', '2017-03-04', '2017-03-11', 122);
INSERT INTO `clinica`.`internacion` (`numint`, `codpac`, `fecint`, `habitacion`, `claseh`, `est_alta`, `fecalt`, `remedios`) VALUES (10, 112, '2017-02-26', 31, 'C', '2017-03-05', '2017-03-12', 223);
INSERT INTO `clinica`.`internacion` (`numint`, `codpac`, `fecint`, `habitacion`, `claseh`, `est_alta`, `fecalt`, `remedios`) VALUES (11, 111, '2017-02-27', 32, 'C', '2017-03-06', '2017-03-13', 33);
INSERT INTO `clinica`.`internacion` (`numint`, `codpac`, `fecint`, `habitacion`, `claseh`, `est_alta`, `fecalt`, `remedios`) VALUES (12, 114, '2017-02-28', 16, 'A', '2017-03-06', '2017-03-03', 45);
INSERT INTO `clinica`.`internacion` (`numint`, `codpac`, `fecint`, `habitacion`, `claseh`, `est_alta`, `fecalt`, `remedios`) VALUES (13, 105, '2017-03-01', 17, 'A', '2017-03-06', '2017-03-13', 78);
INSERT INTO `clinica`.`internacion` (`numint`, `codpac`, `fecint`, `habitacion`, `claseh`, `est_alta`, `fecalt`, `remedios`) VALUES (14, 106, '2017-03-02', 22, 'B', '2017-03-06', '2017-03-13', 98);
INSERT INTO `clinica`.`internacion` (`numint`, `codpac`, `fecint`, `habitacion`, `claseh`, `est_alta`, `fecalt`, `remedios`) VALUES (15, 116, '2017-03-02', 31, 'C', '2017-03-06', '2017-03-13', 100);
INSERT INTO `clinica`.`internacion` (`numint`, `codpac`, `fecint`, `habitacion`, `claseh`, `est_alta`, `fecalt`, `remedios`) VALUES (16, 117, '2017-03-04', 19, 'A', '2017-03-11', '2017-03-08', 123);
INSERT INTO `clinica`.`internacion` (`numint`, `codpac`, `fecint`, `habitacion`, `claseh`, `est_alta`, `fecalt`, `remedios`) VALUES (17, 118, '2017-03-05', 32, 'C', '2017-03-12', '2017-03-19', 55);
INSERT INTO `clinica`.`internacion` (`numint`, `codpac`, `fecint`, `habitacion`, `claseh`, `est_alta`, `fecalt`, `remedios`) VALUES (18, 102, '2017-03-06', 34, 'T', '2017-03-13', '2017-03-20', 33);
INSERT INTO `clinica`.`internacion` (`numint`, `codpac`, `fecint`, `habitacion`, `claseh`, `est_alta`, `fecalt`, `remedios`) VALUES (19, 110, '2017-03-07', 18, 'A', '2017-03-14', '2017-03-21', 24);
INSERT INTO `clinica`.`internacion` (`numint`, `codpac`, `fecint`, `habitacion`, `claseh`, `est_alta`, `fecalt`, `remedios`) VALUES (20, 120, '2017-03-07', 12, 'A', '2017-03-14', '2017-03-11', 42);
INSERT INTO `clinica`.`internacion` (`numint`, `codpac`, `fecint`, `habitacion`, `claseh`, `est_alta`, `fecalt`, `remedios`) VALUES (21, 121, '2017-03-09', 19, 'A', '2017-03-16', '2017-03-23', 56);
INSERT INTO `clinica`.`internacion` (`numint`, `codpac`, `fecint`, `habitacion`, `claseh`, `est_alta`, `fecalt`, `remedios`) VALUES (22, 122, '2017-03-10', 23, 'B', '2017-03-17', '2017-03-24', 76);
INSERT INTO `clinica`.`internacion` (`numint`, `codpac`, `fecint`, `habitacion`, `claseh`, `est_alta`, `fecalt`, `remedios`) VALUES (23, 123, '2017-03-10', 13, 'A', '2017-03-17', '2017-03-24', 98);
INSERT INTO `clinica`.`internacion` (`numint`, `codpac`, `fecint`, `habitacion`, `claseh`, `est_alta`, `fecalt`, `remedios`) VALUES (24, 124, '2017-03-12', 34, 'T', '2017-03-17', '2017-03-14', 90);
INSERT INTO `clinica`.`internacion` (`numint`, `codpac`, `fecint`, `habitacion`, `claseh`, `est_alta`, `fecalt`, `remedios`) VALUES (25, 125, '2017-03-12', 33, 'T', '2017-03-17', '2017-03-24', 35);
INSERT INTO `clinica`.`internacion` (`numint`, `codpac`, `fecint`, `habitacion`, `claseh`, `est_alta`, `fecalt`, `remedios`) VALUES (26, 114, '2017-03-14', 35, 'T', '2017-03-17', '2017-03-24', 177);
INSERT INTO `clinica`.`internacion` (`numint`, `codpac`, `fecint`, `habitacion`, `claseh`, `est_alta`, `fecalt`, `remedios`) VALUES (27, 126, '2017-03-15', 15, 'A', '2017-03-17', '2017-03-24', 345);
INSERT INTO `clinica`.`internacion` (`numint`, `codpac`, `fecint`, `habitacion`, `claseh`, `est_alta`, `fecalt`, `remedios`) VALUES (28, 127, '2017-03-15', 21, 'B', '2017-03-17', '2017-03-19', 99);
INSERT INTO `clinica`.`internacion` (`numint`, `codpac`, `fecint`, `habitacion`, `claseh`, `est_alta`, `fecalt`, `remedios`) VALUES (29, 128, '2017-03-17', 31, 'C', '2017-03-24', '2017-03-31', 120);
INSERT INTO `clinica`.`internacion` (`numint`, `codpac`, `fecint`, `habitacion`, `claseh`, `est_alta`, `fecalt`, `remedios`) VALUES (30, 129, '2017-03-18', 32, 'C', '2017-03-25', '2017-04-01', 58);
INSERT INTO `clinica`.`internacion` (`numint`, `codpac`, `fecint`, `habitacion`, `claseh`, `est_alta`, `fecalt`, `remedios`) 
VALUES (31, 130, '2017-03-21', 11, 'A', '2017-03-28', '2017-04-04', 32);
INSERT INTO `clinica`.`internacion` (`numint`, `codpac`, `fecint`, `habitacion`, `claseh`, `est_alta`,  `remedios`) VALUES (32,106,'2017-03-21',28,'B','2017-03-28',200);
INSERT INTO `clinica`.`internacion` (`numint`, `codpac`, `fecint`, `habitacion`, `claseh`, `est_alta`, `fecalt`, `remedios`) VALUES (33,131,'2017-03-21',22,'B','2017-03-28','2017-04-04',123);
INSERT INTO `clinica`.`internacion` (`numint`, `codpac`, `fecint`, `habitacion`, `claseh`, `est_alta`, `fecalt`, `remedios`) VALUES (34,132,'2017-03-22',31,'C','2017-03-29','2017-04-05',432);
INSERT INTO `clinica`.`internacion` (`numint`, `codpac`, `fecint`, `habitacion`, `claseh`, `est_alta`,  `remedios`) VALUES (35,133,'2017-03-23',26,'B','2017-03-30',45);
INSERT INTO `clinica`.`internacion` (`numint`, `codpac`, `fecint`, `habitacion`, `claseh`, `est_alta`, `fecalt`, `remedios`) VALUES (36,134,'2017-03-24',32,'C','2017-03-31','2017-03-28',56);
INSERT INTO `clinica`.`internacion` (`numint`, `codpac`, `fecint`, `habitacion`, `claseh`, `est_alta`, `fecalt`, `remedios`) VALUES (37,135,'2017-03-25',34,'T','2017-04-01','2017-04-08',78);
INSERT INTO `clinica`.`internacion` (`numint`, `codpac`, `fecint`, `habitacion`, `claseh`, `est_alta`, `fecalt`, `remedios`) VALUES (38,110,'2017-03-26',12,'A','2017-04-02','2017-04-09',98);
INSERT INTO `clinica`.`internacion` (`numint`, `codpac`, `fecint`, `habitacion`, `claseh`, `est_alta`, `fecalt`, `remedios`) VALUES (39,136,'2017-03-27',12,'A','2017-04-03','2017-04-10',22);
INSERT INTO `clinica`.`internacion` (`numint`, `codpac`, `fecint`, `habitacion`, `claseh`, `est_alta`,  `remedios`) VALUES (40,137,'2017-03-27',22,'B','2017-04-03',12);
INSERT INTO `clinica`.`internacion` (`numint`, `codpac`, `fecint`, `habitacion`, `claseh`, `est_alta`, `remedios`) VALUES (41,130,'2017-03-29',23,'B','2017-04-05',25);
INSERT INTO `clinica`.`internacion` (`numint`, `codpac`, `fecint`, `habitacion`, `claseh`, `est_alta`, `fecalt`, `remedios`) VALUES (42,138,'2017-03-29',19,'A','2017-04-05','2017-04-12',139);
INSERT INTO `clinica`.`internacion` (`numint`, `codpac`, `fecint`, `habitacion`, `claseh`, `est_alta`, `fecalt`, `remedios`) VALUES (43,139,'2017-03-31',34,'T','2017-04-07','2017-04-14',76);
INSERT INTO `clinica`.`internacion` (`numint`, `codpac`, `fecint`, `habitacion`, `claseh`, `est_alta`, `fecalt`, `remedios`) VALUES (44,140,'2017-04-01',33,'T','2017-04-08','2017-04-05',43);
INSERT INTO `clinica`.`internacion` (`numint`, `codpac`, `fecint`, `habitacion`, `claseh`, `est_alta`, `fecalt`, `remedios`) VALUES (45,113,'2017-04-01',18,'A','2017-04-08','2017-04-15',32);
INSERT INTO `clinica`.`internacion` (`numint`, `codpac`, `fecint`, `habitacion`, `claseh`, `est_alta`, `fecalt`, `remedios`) VALUES (46,141,'2017-04-03',15,'A','2017-04-10','2017-04-17',11);
INSERT INTO `clinica`.`internacion` (`numint`, `codpac`, `fecint`, `habitacion`, `claseh`, `est_alta`, `remedios`) VALUES (47,142,'2017-04-04',21,'B','2017-04-11',11);
INSERT INTO `clinica`.`internacion` (`numint`, `codpac`, `fecint`, `habitacion`, `claseh`, `est_alta`, `fecalt`, `remedios`) VALUES (48,143,'2017-04-05',31,'C','2017-04-12','2017-04-09',22);
INSERT INTO `clinica`.`internacion` (`numint`, `codpac`, `fecint`, `habitacion`, `claseh`, `est_alta`, `fecalt`, `remedios`) VALUES (49,144,'2017-04-06',32,'C','2017-04-13','2017-04-20',45);
INSERT INTO `clinica`.`internacion` (`numint`, `codpac`, `fecint`, `habitacion`, `claseh`, `est_alta`, `fecalt`, `remedios`) VALUES (50,114,'2017-04-07',11,'A','2017-04-14','2017-04-21',144);
INSERT INTO `clinica`.`internacion` (`numint`, `codpac`, `fecint`, `habitacion`, `claseh`, `est_alta`, `fecalt`, `remedios`) VALUES (51,145,'2017-04-08',17,'A','2017-04-15','2017-04-22',245);
INSERT INTO `clinica`.`internacion` (`numint`, `codpac`, `fecint`, `habitacion`, `claseh`, `est_alta`,  `remedios`) VALUES (52,146,'2017-04-08',22,'B','2017-04-15',25);
INSERT INTO `clinica`.`internacion` (`numint`, `codpac`, `fecint`, `habitacion`, `claseh`, `est_alta`,  `remedios`) VALUES (53,147,'2017-04-08',31,'C','2017-04-15',65);
INSERT INTO `clinica`.`internacion` (`numint`, `codpac`, `fecint`, `habitacion`, `claseh`, `est_alta`,  `remedios`) VALUES (54,149,'2017-04-09',19,'A','2017-04-16',45);
INSERT INTO `clinica`.`internacion` (`numint`, `codpac`, `fecint`, `habitacion`, `claseh`, `est_alta`,  `remedios`) VALUES (55,150,'2017-04-09',32,'C','2017-04-16',78);
INSERT INTO `clinica`.`internacion` (`numint`, `codpac`, `fecint`, `habitacion`, `claseh`, `est_alta`,  `remedios`) VALUES (56,102,'2017-04-09',34,'T','2017-04-16',79);
INSERT INTO `clinica`.`internacion` (`numint`, `codpac`, `fecint`, `habitacion`, `claseh`, `est_alta`, `fecalt`, `remedios`) VALUES (57,152,'2017-04-10',15,'A','2017-04-17','2017-04-24',42);
INSERT INTO `clinica`.`internacion` (`numint`, `codpac`, `fecint`, `habitacion`, `claseh`, `est_alta`, `fecalt`, `remedios`) VALUES (58,153,'2017-04-10',14,'A','2017-04-17','2017-04-24',111);
INSERT INTO `clinica`.`internacion` (`numint`, `codpac`, `fecint`, `habitacion`, `claseh`, `est_alta`, `remedios`) VALUES (59,154,'2017-04-11',19,'A','2017-04-18',47);
INSERT INTO `clinica`.`internacion` (`numint`, `codpac`, `fecint`, `habitacion`, `claseh`, `est_alta`, `remedios`) VALUES (60,155,'2017-04-11',23,'B','2017-04-18',234);
INSERT INTO `clinica`.`internacion` (`numint`, `codpac`, `fecint`, `habitacion`, `claseh`, `est_alta`, `remedios`) VALUES (61,156,'2017-04-12',13,'A','2017-04-19',58);
INSERT INTO `clinica`.`internacion` (`numint`, `codpac`, `fecint`, `habitacion`, `claseh`, `est_alta`, `remedios`) VALUES (62,157,'2017-04-12',34,'T','2017-04-19',97);
INSERT INTO `clinica`.`internacion` (`numint`, `codpac`, `fecint`, `habitacion`, `claseh`, `est_alta`, `remedios`) VALUES (63,158,'2017-04-13',33,'T','2017-04-20',43);
INSERT INTO `clinica`.`internacion` (`numint`, `codpac`, `fecint`, `habitacion`, `claseh`, `est_alta`, `remedios`) VALUES (64,159,'2017-04-14',12,'A','2017-04-21',0);
INSERT INTO `clinica`.`internacion` (`numint`, `codpac`, `fecint`, `habitacion`, `claseh`, `est_alta`, `remedios`) VALUES (65,140,'2017-04-14',15,'A','2017-04-21',22);
INSERT INTO `clinica`.`internacion` (`numint`, `codpac`, `fecint`, `habitacion`, `claseh`, `est_alta`, `remedios`) VALUES (66,160,'2017-04-15',21,'B','2017-04-22',126);
INSERT INTO `clinica`.`internacion` (`numint`, `codpac`, `fecint`, `habitacion`, `claseh`, `est_alta`, `remedios`) VALUES (67,161,'2017-04-15',31,'C','2017-04-22',77);
INSERT INTO `clinica`.`internacion` (`numint`, `codpac`, `fecint`, `habitacion`, `claseh`, `est_alta`, `remedios`) VALUES (68,162,'2017-04-18',32,'C','2017-04-25',84);
INSERT INTO `clinica`.`internacion` (`numint`, `codpac`, `fecint`, `habitacion`, `claseh`, `est_alta`, `remedios`) VALUES (69,163,'2017-04-18',11,'A','2017-04-25',34);
INSERT INTO `clinica`.`internacion` (`numint`, `codpac`, `fecint`, `habitacion`, `claseh`, `est_alta`, `remedios`) VALUES (70,164,'2017-04-18',12,'A','2017-04-25',0);
INSERT INTO `clinica`.`internacion` (`numint`, `codpac`, `fecint`, `habitacion`, `claseh`, `est_alta`, `remedios`) VALUES (71,106,'2017-04-18',22,'B','2017-04-25',66);
INSERT INTO `clinica`.`internacion` (`numint`, `codpac`, `fecint`, `habitacion`, `claseh`, `est_alta`, `remedios`) VALUES (72,116,'2017-04-19',31,'C','2017-04-26',110);
INSERT INTO `clinica`.`internacion` (`numint`, `codpac`, `fecint`, `habitacion`, `claseh`, `est_alta`, `remedios`) VALUES (73,165,'2017-04-19',19,'A','2017-04-26',45);
INSERT INTO `clinica`.`internacion` (`numint`, `codpac`, `fecint`, `habitacion`, `claseh`, `est_alta`, `remedios`) VALUES (74,166,'2017-04-20',32,'C','2017-05-05',32);
INSERT INTO `clinica`.`internacion` (`numint`, `codpac`, `fecint`, `habitacion`, `claseh`, `est_alta`, `remedios`) VALUES (75,167,'2017-04-20',34,'T','2017-05-08',87);
INSERT INTO `clinica`.`internacion` (`numint`, `codpac`, `fecint`, `habitacion`, `claseh`, `est_alta`,  `remedios`) VALUES (76,168,'2017-04-26',12,'A','2017-05-03',22);
